-- phpMyAdmin SQL Dump
-- version 4.7.7
-- https://www.phpmyadmin.net/
--
-- Хост: 127.0.0.1:3306
-- Время создания: Сен 04 2018 г., 18:03
-- Версия сервера: 5.6.38
-- Версия PHP: 7.0.26

SET SQL_MODE = "NO_AUTO_VALUE_ON_ZERO";
SET AUTOCOMMIT = 0;
START TRANSACTION;
SET time_zone = "+00:00";


/*!40101 SET @OLD_CHARACTER_SET_CLIENT=@@CHARACTER_SET_CLIENT */;
/*!40101 SET @OLD_CHARACTER_SET_RESULTS=@@CHARACTER_SET_RESULTS */;
/*!40101 SET @OLD_COLLATION_CONNECTION=@@COLLATION_CONNECTION */;
/*!40101 SET NAMES utf8mb4 */;

--
-- База данных: `diplom`
--

-- --------------------------------------------------------

--
-- Структура таблицы `answers`
--

CREATE TABLE `answers` (
  `id` int(10) UNSIGNED NOT NULL,
  `answer` text COLLATE utf8mb4_unicode_ci NOT NULL,
  `question_id` int(11) NOT NULL,
  `admin_id` int(11) NOT NULL,
  `created_at` timestamp NULL DEFAULT NULL,
  `updated_at` timestamp NULL DEFAULT NULL
) ENGINE=InnoDB DEFAULT CHARSET=utf8mb4 COLLATE=utf8mb4_unicode_ci;

--
-- Дамп данных таблицы `answers`
--

INSERT INTO `answers` (`id`, `answer`, `question_id`, `admin_id`, `created_at`, `updated_at`) VALUES
(1, 'Lorem ipsum dolor sit amet, consectetur adipisicing elit. Quae quidem blanditiis delectus corporis, possimus officia sint sequi ex tenetur id impedit est pariatur iure animi non a ratione reiciendis nihil sed consequatur atque repellendus fugit perspiciatis rerum et. Dolorum consequuntur fugit deleniti, soluta fuga nobis. Ducimus blanditiis velit sit iste delectus obcaecati debitis omnis, assumenda accusamus cumque perferendis eos aut quidem! Aut, totam rerum, cupiditate quae aperiam voluptas rem inventore quas, ex maxime culpa nam soluta labore at amet nihil laborum? Explicabo numquam, sit fugit, voluptatem autem atque quis quam voluptate fugiat earum rem hic, reprehenderit quaerat tempore at. Aperiam.', 1, 1, '2018-09-04 12:01:30', '2018-09-04 12:01:30'),
(2, 'Lorem ipsum dolor sit amet, consectetur adipisicing elit. Quasi cupiditate et laudantium esse adipisci consequatur modi possimus accusantium vero atque excepturi nobis in doloremque repudiandae soluta non minus dolore voluptatem enim reiciendis officia voluptates, fuga ullam? Voluptas reiciendis cumque molestiae unde numquam similique quas doloremque non, perferendis doloribus necessitatibus itaque dolorem quam officia atque perspiciatis dolore laudantium dolor voluptatem eligendi? Aliquam nulla unde voluptatum molestiae, eos fugit ullam, consequuntur, saepe voluptas quaerat deleniti. Repellendus magni sint temporibus, accusantium rem commodi?', 2, 1, '2018-09-04 12:01:30', '2018-09-04 12:01:30'),
(3, 'Lorem ipsum dolor sit amet, consectetur adipisicing elit. Blanditiis provident officiis, reprehenderit numquam. Praesentium veritatis eos tenetur magni debitis inventore fugit, magnam, reiciendis, saepe obcaecati ex vero quaerat distinctio velit.', 3, 1, '2018-09-04 12:01:30', '2018-09-04 12:01:30'),
(4, 'Lorem ipsum dolor sit amet, consectetur adipisicing elit. Blanditiis provident officiis, reprehenderit numquam. Praesentium veritatis eos tenetur magni debitis inventore fugit, magnam, reiciendis, saepe obcaecati ex vero quaerat distinctio velit.', 4, 1, '2018-09-04 12:01:30', '2018-09-04 12:01:30'),
(5, 'Lorem ipsum dolor sit amet, consectetur adipisicing elit. Impedit quidem delectus rerum eligendi mollitia, repudiandae quae beatae. Et repellat quam atque corrupti iusto architecto impedit explicabo repudiandae qui similique aut iure ipsum quis inventore nulla error aliquid alias quia dolorem dolore, odio excepturi veniam odit veritatis. Quo iure magnam, et cum. Laudantium, eaque non? Tempore nihil corporis cumque dolor ipsum accusamus sapiente aliquid quis ea assumenda deserunt praesentium voluptatibus, accusantium a mollitia necessitatibus nostrum voluptatem numquam modi ab, sint rem.', 5, 1, '2018-09-04 12:01:30', '2018-09-04 12:01:30'),
(6, 'Lorem ipsum dolor sit amet, consectetur adipisicing elit. Nisi tempore, placeat quisquam rerum! Eligendi fugit dolorum tenetur modi fuga nisi rerum, autem officiis quaerat quos. Magni quia, quo quibusdam odio. Error magni aperiam amet architecto adipisci aspernatur! Officia, quaerat magni architecto nostrum magnam fuga nihil, ipsum laboriosam similique voluptatibus facilis nobis? Eius non asperiores, nesciunt suscipit veniam blanditiis veritatis provident possimus iusto voluptas, eveniet architecto quidem quos molestias, aperiam eum reprehenderit dolores ad deserunt eos amet. Vero molestiae commodi unde dolor dicta maxime alias, velit, nesciunt cum dolorem, ipsam soluta sint suscipit maiores mollitia assumenda ducimus aperiam neque enim! Quas culpa dolorum ipsam? Ipsum voluptatibus numquam natus? Eligendi explicabo eos, perferendis voluptatibus hic sed ipsam rerum maiores officia! Beatae, molestias!', 6, 1, '2018-09-04 12:01:30', '2018-09-04 12:01:30'),
(7, 'Lorem ipsum dolor sit amet, consectetur adipisicing elit. Blanditiis provident officiis, reprehenderit numquam. Praesentium veritatis eos tenetur magni debitis inventore fugit, magnam, reiciendis, saepe obcaecati ex vero quaerat distinctio velit.', 7, 1, '2018-09-04 12:01:30', '2018-09-04 12:01:30'),
(8, 'Lorem ipsum dolor sit amet, consectetur adipisicing elit. Perferendis earum autem consectetur labore eius tenetur esse, in temporibus sequi cum voluptatem vitae repellat nostrum odio perspiciatis dolores recusandae necessitatibus, unde, deserunt voluptas possimus veniam magni soluta deleniti! Architecto, quidem, totam. Fugit minus odit unde ea cupiditate ab aperiam sed dolore facere nihil laboriosam dolorum repellat deleniti aliquam fugiat laudantium delectus sint iure odio, necessitatibus rem quisquam! Ipsum praesentium quam nisi sint, impedit sapiente facilis laudantium mollitia quae fugiat similique. Dolor maiores aliquid incidunt commodi doloremque rem! Quaerat, debitis voluptatem vero qui enim, sunt reiciendis tempore inventore maxime quasi fugiat accusamus beatae modi voluptates iste officia esse soluta tempora labore quisquam fuga, cum. Sint nemo iste nulla accusamus quam qui quos, vero, minus id. Eius mollitia consequatur fugit nam consequuntur nesciunt illo id quis reprehenderit obcaecati voluptates corrupti, minus! Possimus, perspiciatis!', 8, 1, '2018-09-04 12:01:30', '2018-09-04 12:01:30'),
(9, 'Lorem ipsum dolor sit amet, consectetur adipisicing elit. Illo tempore soluta, minus magnam non blanditiis dolore, in nam voluptas nobis minima deserunt deleniti id animi amet, suscipit consequuntur corporis nihil laborum facere temporibus. Qui inventore, doloribus facilis, provident soluta voluptas excepturi perspiciatis fugiat odit vero! Optio assumenda animi at! Assumenda doloremque nemo est sequi eaque, ipsum id, labore rem nisi, amet similique vel autem dolore totam facilis deserunt. Mollitia non ut libero unde accusamus praesentium sint maiores, illo, nemo aliquid?', 9, 1, '2018-09-04 12:01:30', '2018-09-04 12:01:30'),
(10, 'Lorem ipsum dolor sit amet, consectetur adipisicing elit. Blanditiis provident officiis, reprehenderit numquam. Praesentium veritatis eos tenetur magni debitis inventore fugit, magnam, reiciendis, saepe obcaecati ex vero quaerat distinctio velit.', 10, 1, '2018-09-04 12:01:30', '2018-09-04 12:01:30'),
(11, 'Lorem ipsum dolor sit amet, consectetur adipisicing elit. Ipsum at aspernatur iure facere ab a corporis mollitia molestiae quod omnis minima, est labore quidem nobis accusantium ad totam sunt doloremque laudantium impedit similique iste quasi cum! Libero fugit at praesentium vero. Maiores non consequuntur rerum, nemo a qui repellat quibusdam architecto voluptatem? Sequi, possimus, cupiditate autem soluta ipsa rerum officiis cum libero delectus explicabo facilis, odit ullam aperiam reprehenderit! Vero ad non harum veritatis tempore beatae possimus, ex odio quo.', 11, 1, '2018-09-04 12:01:30', '2018-09-04 12:01:30'),
(12, 'Lorem ipsum dolor sit amet, consectetur adipisicing elit. Impedit quidem delectus rerum eligendi mollitia, repudiandae quae beatae. Et repellat quam atque corrupti iusto architecto impedit explicabo repudiandae qui similique aut iure ipsum quis inventore nulla error aliquid alias quia dolorem dolore, odio excepturi veniam odit veritatis. Quo iure magnam, et cum. Laudantium, eaque non? Tempore nihil corporis cumque dolor ipsum accusamus sapiente aliquid quis ea assumenda deserunt praesentium voluptatibus, accusantium a mollitia necessitatibus nostrum voluptatem numquam modi ab, sint rem.', 12, 1, '2018-09-04 12:01:30', '2018-09-04 12:01:30'),
(13, 'Lorem ipsum dolor sit amet, consectetur adipisicing elit. Tenetur accusantium dolorem vel, ad, nostrum natus eos, nemo placeat quos nisi architecto rem dolorum amet consectetur molestiae reprehenderit cum harum commodi beatae necessitatibus. Mollitia a nostrum enim earum minima doloribus illum autem, provident vero et, aspernatur quae sunt illo dolorem. Corporis blanditiis, unde, neque, adipisci debitis quas ullam accusantium repudiandae eum nostrum quis! Velit esse harum qui, modi ratione debitis alias laboriosam minus eaque, quod, itaque labore illo totam aut quia fuga nemo. Perferendis ipsa laborum atque assumenda tempore aspernatur a eos harum non id commodi excepturi quaerat ullam, explicabo, incidunt ipsam, accusantium quo magni ut! Ratione, magnam. Delectus nesciunt impedit praesentium sed, aliquam architecto dolores quae, distinctio consectetur obcaecati esse, consequuntur vel sit quis blanditiis possimus dolorum. Eaque architecto doloremque aliquid quae cumque, vitae perferendis enim, iure fugiat, soluta aut!', 13, 1, '2018-09-04 12:01:30', '2018-09-04 12:01:30'),
(14, 'Lorem ipsum dolor sit amet, consectetur adipisicing elit. Blanditiis provident officiis, reprehenderit numquam. Praesentium veritatis eos tenetur magni debitis inventore fugit, magnam, reiciendis, saepe obcaecati ex vero quaerat distinctio velit.', 14, 1, '2018-09-04 12:01:30', '2018-09-04 12:01:30'),
(15, 'Lorem ipsum dolor sit amet, consectetur adipisicing elit. Impedit quidem delectus rerum eligendi mollitia, repudiandae quae beatae. Et repellat quam atque corrupti iusto architecto impedit explicabo repudiandae qui similique aut iure ipsum quis inventore nulla error aliquid alias quia dolorem dolore, odio excepturi veniam odit veritatis. Quo iure magnam, et cum. Laudantium, eaque non? Tempore nihil corporis cumque dolor ipsum accusamus sapiente aliquid quis ea assumenda deserunt praesentium voluptatibus, accusantium a mollitia necessitatibus nostrum voluptatem numquam modi ab, sint rem.', 15, 1, '2018-09-04 12:01:30', '2018-09-04 12:01:30'),
(16, 'Lorem ipsum dolor sit amet, consectetur adipisicing elit. Blanditiis provident officiis, reprehenderit numquam. Praesentium veritatis eos tenetur magni debitis inventore fugit, magnam, reiciendis, saepe obcaecati ex vero quaerat distinctio velit.', 16, 1, '2018-09-04 12:01:30', '2018-09-04 12:01:30'),
(17, 'Lorem ipsum dolor sit amet, consectetur adipisicing elit. Possimus magni vero deserunt enim et quia in aliquam, rem tempore voluptas illo nisi veritatis quas quod placeat ipsa! Error qui harum accusamus incidunt at libero ipsum, suscipit dolorum esse explicabo in eius voluptates quidem voluptatem inventore amet eaque deserunt veniam dignissimos excepturi? Dolore, quo amet nostrum autem nemo. Sit nam assumenda, corporis ea sunt distinctio nostrum doloribus alias, beatae nesciunt dolore saepe consequuntur minima eveniet porro dolor officiis maiores ab obcaecati officia enim aliquam. Itaque fuga molestiae hic accusantium atque corporis quia id sequi enim vero? Hic aperiam sint facilis aliquam quia, accusamus tenetur earum totam enim est, error. Iusto, reiciendis necessitatibus molestias. Voluptatibus eos explicabo repellat nesciunt nam vero minima.', 17, 1, '2018-09-04 12:01:30', '2018-09-04 12:01:30'),
(18, 'Lorem ipsum dolor sit amet, consectetur adipisicing elit. Blanditiis provident officiis, reprehenderit numquam. Praesentium veritatis eos tenetur magni debitis inventore fugit, magnam, reiciendis, saepe obcaecati ex vero quaerat distinctio velit.', 18, 1, '2018-09-04 12:01:30', '2018-09-04 12:01:30'),
(19, 'Lorem ipsum dolor sit amet, consectetur adipisicing elit. Impedit quidem delectus rerum eligendi mollitia, repudiandae quae beatae. Et repellat quam atque corrupti iusto architecto impedit explicabo repudiandae qui similique aut iure ipsum quis inventore nulla error aliquid alias quia dolorem dolore, odio excepturi veniam odit veritatis. Quo iure magnam, et cum. Laudantium, eaque non? Tempore nihil corporis cumque dolor ipsum accusamus sapiente aliquid quis ea assumenda deserunt praesentium voluptatibus, accusantium a mollitia necessitatibus nostrum voluptatem numquam modi ab, sint rem.', 19, 1, '2018-09-04 12:01:30', '2018-09-04 12:01:30'),
(20, 'Lorem ipsum dolor sit amet, consectetur adipisicing elit. Blanditiis provident officiis, reprehenderit numquam. Praesentium veritatis eos tenetur magni debitis inventore fugit, magnam, reiciendis, saepe obcaecati ex vero quaerat distinctio velit.', 20, 1, '2018-09-04 12:01:30', '2018-09-04 12:01:30'),
(21, 'Lorem ipsum dolor sit amet, consectetur adipisicing elit. Blanditiis provident officiis, reprehenderit numquam. Praesentium veritatis eos tenetur magni debitis inventore fugit, magnam, reiciendis, saepe obcaecati ex vero quaerat distinctio velit.', 21, 1, '2018-09-04 12:01:30', '2018-09-04 12:01:30'),
(22, 'Lorem ipsum dolor sit amet, consectetur adipisicing elit. Impedit quidem delectus rerum eligendi mollitia, repudiandae quae beatae. Et repellat quam atque corrupti iusto architecto impedit explicabo repudiandae qui similique aut iure ipsum quis inventore nulla error aliquid alias quia dolorem dolore, odio excepturi veniam odit veritatis. Quo iure magnam, et cum. Laudantium, eaque non? Tempore nihil corporis cumque dolor ipsum accusamus sapiente aliquid quis ea assumenda deserunt praesentium voluptatibus, accusantium a mollitia necessitatibus nostrum voluptatem numquam modi ab, sint rem.', 22, 1, '2018-09-04 12:01:30', '2018-09-04 12:01:30'),
(23, 'Lorem ipsum dolor sit amet, consectetur adipisicing elit. Blanditiis provident officiis, reprehenderit numquam. Praesentium veritatis eos tenetur magni debitis inventore fugit, magnam, reiciendis, saepe obcaecati ex vero quaerat distinctio velit.', 23, 1, '2018-09-04 12:01:30', '2018-09-04 12:01:30'),
(24, 'Lorem ipsum dolor sit amet, consectetur adipisicing elit. Blanditiis provident officiis, reprehenderit numquam. Praesentium veritatis eos tenetur magni debitis inventore fugit, magnam, reiciendis, saepe obcaecati ex vero quaerat distinctio velit.', 24, 1, '2018-09-04 12:01:30', '2018-09-04 12:01:30'),
(25, 'Lorem ipsum dolor sit amet, consectetur adipisicing elit. Blanditiis provident officiis, reprehenderit numquam. Praesentium veritatis eos tenetur magni debitis inventore fugit, magnam, reiciendis, saepe obcaecati ex vero quaerat distinctio velit.', 25, 1, '2018-09-04 12:01:30', '2018-09-04 12:01:30'),
(26, 'Lorem ipsum dolor sit amet, consectetur adipisicing elit. Blanditiis provident officiis, reprehenderit numquam. Praesentium veritatis eos tenetur magni debitis inventore fugit, magnam, reiciendis, saepe obcaecati ex vero quaerat distinctio velit.', 26, 1, '2018-09-04 12:01:30', '2018-09-04 12:01:30'),
(27, 'HLorem ipsum dolor sit amet, consectetur adipisicing elit. Blanditiis provident officiis, reprehenderit numquam. Praesentium veritatis eos tenetur magni debitis inventore fugit, magnam, reiciendis, saepe obcaecati ex vero quaerat distinctio velit.', 27, 1, '2018-09-04 12:01:30', '2018-09-04 12:01:30');

-- --------------------------------------------------------

--
-- Структура таблицы `categories`
--

CREATE TABLE `categories` (
  `id` int(10) UNSIGNED NOT NULL,
  `name` varchar(191) COLLATE utf8mb4_unicode_ci NOT NULL,
  `created_at` timestamp NULL DEFAULT NULL,
  `updated_at` timestamp NULL DEFAULT NULL
) ENGINE=InnoDB DEFAULT CHARSET=utf8mb4 COLLATE=utf8mb4_unicode_ci;

--
-- Дамп данных таблицы `categories`
--

INSERT INTO `categories` (`id`, `name`, `created_at`, `updated_at`) VALUES
(1, 'Basics', NULL, NULL),
(2, 'Mobile', NULL, NULL),
(3, 'Account', NULL, NULL),
(4, 'Payments', NULL, NULL),
(5, 'Privacy', NULL, NULL),
(6, 'Delivery', NULL, NULL);

-- --------------------------------------------------------

--
-- Структура таблицы `migrations`
--

CREATE TABLE `migrations` (
  `id` int(10) UNSIGNED NOT NULL,
  `migration` varchar(191) COLLATE utf8mb4_unicode_ci NOT NULL,
  `batch` int(11) NOT NULL
) ENGINE=InnoDB DEFAULT CHARSET=utf8mb4 COLLATE=utf8mb4_unicode_ci;

--
-- Дамп данных таблицы `migrations`
--

INSERT INTO `migrations` (`id`, `migration`, `batch`) VALUES
(21, '2014_10_12_000000_create_users_table', 1),
(22, '2014_10_12_100000_create_password_resets_table', 1),
(23, '2018_08_24_144602_create_categories', 1),
(24, '2018_08_24_144625_create_questions', 1),
(25, '2018_08_24_144644_create_answers', 1),
(26, '2018_08_24_144703_seed_categories', 1),
(27, '2018_08_24_144725_seed_questions', 1),
(28, '2018_08_24_144735_seed_answers', 1),
(29, '2018_08_24_144751_seed_users', 1),
(30, '2018_08_24_144811_add_author_email_field_questions', 1);

-- --------------------------------------------------------

--
-- Структура таблицы `password_resets`
--

CREATE TABLE `password_resets` (
  `email` varchar(191) COLLATE utf8mb4_unicode_ci NOT NULL,
  `token` varchar(191) COLLATE utf8mb4_unicode_ci NOT NULL,
  `created_at` timestamp NULL DEFAULT NULL
) ENGINE=InnoDB DEFAULT CHARSET=utf8mb4 COLLATE=utf8mb4_unicode_ci;

-- --------------------------------------------------------

--
-- Структура таблицы `questions`
--

CREATE TABLE `questions` (
  `id` int(10) UNSIGNED NOT NULL,
  `question` text COLLATE utf8mb4_unicode_ci NOT NULL,
  `category_id` int(11) NOT NULL,
  `author` varchar(191) COLLATE utf8mb4_unicode_ci NOT NULL,
  `author_email` varchar(191) COLLATE utf8mb4_unicode_ci NOT NULL,
  `published` tinyint(1) NOT NULL DEFAULT '0',
  `created_at` timestamp NULL DEFAULT NULL,
  `updated_at` timestamp NULL DEFAULT NULL
) ENGINE=InnoDB DEFAULT CHARSET=utf8mb4 COLLATE=utf8mb4_unicode_ci;

--
-- Дамп данных таблицы `questions`
--

INSERT INTO `questions` (`id`, `question`, `category_id`, `author`, `author_email`, `published`, `created_at`, `updated_at`) VALUES
(1, 'How do I change my password?', 1, 'Anonymous', '', 1, '2018-09-04 12:01:30', '2018-09-04 12:01:30'),
(2, 'How do I sign up?', 1, 'Anonymous', '', 1, '2018-09-04 12:01:30', '2018-09-04 12:01:30'),
(3, 'Can I remove a post?', 1, 'Anonymous', '', 1, '2018-09-04 12:01:30', '2018-09-04 12:01:30'),
(4, 'How do reviews work?', 1, 'Anonymous', '', 1, '2018-09-04 12:01:30', '2018-09-04 12:01:30'),
(5, 'How does syncing work?', 2, 'Anonymous', '', 1, '2018-09-04 12:01:30', '2018-09-04 12:01:30'),
(6, 'How do I upload files from my phone or tablet?', 2, 'Anonymous', '', 1, '2018-09-04 12:01:30', '2018-09-04 12:01:30'),
(7, 'How do I link to a file or folder?', 2, 'Anonymous', '', 1, '2018-09-04 12:01:30', '2018-09-04 12:01:30'),
(8, 'How do I change my password?', 3, 'Anonymous', '', 1, '2018-09-04 12:01:30', '2018-09-04 12:01:30'),
(9, 'How do I delete my account?', 3, 'Anonymous', '', 1, '2018-09-04 12:01:30', '2018-09-04 12:01:30'),
(10, 'How do I change my account settings?', 3, 'Anonymous', '', 1, '2018-09-04 12:01:30', '2018-09-04 12:01:30'),
(11, 'I forgot my password. How do I reset it?', 3, 'Anonymous', '', 1, '2018-09-04 12:01:30', '2018-09-04 12:01:30'),
(12, 'Can I have an invoice for my subscription?', 4, 'Anonymous', '', 1, '2018-09-04 12:01:30', '2018-09-04 12:01:30'),
(13, 'Why did my credit card or PayPal payment fail?', 4, 'Anonymous', '', 1, '2018-09-04 12:01:30', '2018-09-04 12:01:30'),
(14, 'Why does my bank statement show multiple charges for one upgrade?', 4, 'Anonymous', '', 1, '2018-09-04 12:01:30', '2018-09-04 12:01:30'),
(15, 'Can I specify my own private key?', 5, 'Anonymous', '', 1, '2018-09-04 12:01:30', '2018-09-04 12:01:30'),
(16, 'My files are missing! How do I get them back?', 5, 'Anonymous', '', 1, '2018-09-04 12:01:30', '2018-09-04 12:01:30'),
(17, 'How can I access my account data?', 5, 'Anonymous', '', 1, '2018-09-04 12:01:30', '2018-09-04 12:01:30'),
(18, 'How can I control if other search engines can link to my profile?', 5, 'Anonymous', '', 1, '2018-09-04 12:01:30', '2018-09-04 12:01:30'),
(19, 'What should I do if my order hasn\'t been delivered yet?', 6, 'Anonymous', '', 1, '2018-09-04 12:01:30', '2018-09-04 12:01:30'),
(20, 'How can I find your international delivery information?', 6, 'Anonymous', '', 1, '2018-09-04 12:01:30', '2018-09-04 12:01:30'),
(21, 'Who takes care of shipping?', 6, 'Anonymous', '', 1, '2018-09-04 12:01:30', '2018-09-04 12:01:30'),
(22, 'How do returns or refunds work?', 6, 'Anonymous', '', 1, '2018-09-04 12:01:30', '2018-09-04 12:01:30'),
(23, 'How do I use shipping profiles?', 6, 'Anonymous', '', 1, '2018-09-04 12:01:30', '2018-09-04 12:01:30'),
(24, 'How does your UK Next Day Delivery service work?', 6, 'Anonymous', '', 1, '2018-09-04 12:01:30', '2018-09-04 12:01:30'),
(25, 'How does your Next Day Delivery service work?', 6, 'Anonymous', '', 1, '2018-09-04 12:01:30', '2018-09-04 12:01:30'),
(26, 'When will my order arrive?', 6, 'Anonymous', '', 1, '2018-09-04 12:01:30', '2018-09-04 12:01:30'),
(27, 'When will my order ship?', 6, 'Anonymous', '', 1, '2018-09-04 12:01:30', '2018-09-04 12:01:30');

-- --------------------------------------------------------

--
-- Структура таблицы `users`
--

CREATE TABLE `users` (
  `id` int(10) UNSIGNED NOT NULL,
  `name` varchar(191) COLLATE utf8mb4_unicode_ci NOT NULL,
  `email` varchar(191) COLLATE utf8mb4_unicode_ci NOT NULL,
  `password` varchar(191) COLLATE utf8mb4_unicode_ci NOT NULL,
  `remember_token` varchar(100) COLLATE utf8mb4_unicode_ci DEFAULT NULL,
  `created_at` timestamp NULL DEFAULT NULL,
  `updated_at` timestamp NULL DEFAULT NULL
) ENGINE=InnoDB DEFAULT CHARSET=utf8mb4 COLLATE=utf8mb4_unicode_ci;

--
-- Дамп данных таблицы `users`
--

INSERT INTO `users` (`id`, `name`, `email`, `password`, `remember_token`, `created_at`, `updated_at`) VALUES
(1, 'admin', 'admin@mail.com', '$2y$10$ai4I4LDIbz99iXAP/ncDy.HPhgZHEAVZ7HAJ/ym4UdbEsjx2mV4fG', 'L9ERIkS69L', '2018-09-04 12:01:30', '2018-09-04 12:01:30');

--
-- Индексы сохранённых таблиц
--

--
-- Индексы таблицы `answers`
--
ALTER TABLE `answers`
  ADD PRIMARY KEY (`id`);

--
-- Индексы таблицы `categories`
--
ALTER TABLE `categories`
  ADD PRIMARY KEY (`id`);

--
-- Индексы таблицы `migrations`
--
ALTER TABLE `migrations`
  ADD PRIMARY KEY (`id`);

--
-- Индексы таблицы `password_resets`
--
ALTER TABLE `password_resets`
  ADD KEY `password_resets_email_index` (`email`);

--
-- Индексы таблицы `questions`
--
ALTER TABLE `questions`
  ADD PRIMARY KEY (`id`);

--
-- Индексы таблицы `users`
--
ALTER TABLE `users`
  ADD PRIMARY KEY (`id`),
  ADD UNIQUE KEY `users_email_unique` (`email`);

--
-- AUTO_INCREMENT для сохранённых таблиц
--

--
-- AUTO_INCREMENT для таблицы `answers`
--
ALTER TABLE `answers`
  MODIFY `id` int(10) UNSIGNED NOT NULL AUTO_INCREMENT, AUTO_INCREMENT=28;

--
-- AUTO_INCREMENT для таблицы `categories`
--
ALTER TABLE `categories`
  MODIFY `id` int(10) UNSIGNED NOT NULL AUTO_INCREMENT, AUTO_INCREMENT=7;

--
-- AUTO_INCREMENT для таблицы `migrations`
--
ALTER TABLE `migrations`
  MODIFY `id` int(10) UNSIGNED NOT NULL AUTO_INCREMENT, AUTO_INCREMENT=31;

--
-- AUTO_INCREMENT для таблицы `questions`
--
ALTER TABLE `questions`
  MODIFY `id` int(10) UNSIGNED NOT NULL AUTO_INCREMENT, AUTO_INCREMENT=28;

--
-- AUTO_INCREMENT для таблицы `users`
--
ALTER TABLE `users`
  MODIFY `id` int(10) UNSIGNED NOT NULL AUTO_INCREMENT, AUTO_INCREMENT=2;
COMMIT;

/*!40101 SET CHARACTER_SET_CLIENT=@OLD_CHARACTER_SET_CLIENT */;
/*!40101 SET CHARACTER_SET_RESULTS=@OLD_CHARACTER_SET_RESULTS */;
/*!40101 SET COLLATION_CONNECTION=@OLD_COLLATION_CONNECTION */;
